frame,categories,machine learning,computer graphics,web development,algebra,calculus,statistics,economics,marketing,commerce,kinematics,electromagnetism,thermodynamics,geology,cartography,meteorology,genetics,biochemistry,ecology
0,"['web development', 'commerce', 'algebra']",0.01287832,0.081896484,0.23655896,0.108307265,0.053717423,0.057685923,0.023151306,0.057525396,0.13942492,0.036765657,0.009919474,0.0911503,0.009017996,0.012340465,0.014746127,0.0075227693,0.02212917,0.025261993
1,"['web development', 'marketing', 'machine learning']",0.11079495,0.098505855,0.25652042,0.06815926,0.06760434,0.07300645,0.008394673,0.1267168,0.06415476,0.008128997,0.0139361825,0.06537918,0.0025227598,0.009091619,0.008322833,0.0027786957,0.010761676,0.0052205394
2,"['commerce', 'computer graphics', 'thermodynamics']",0.029501168,0.23410249,0.06808536,0.011805606,0.05718771,0.01017699,0.0100054415,0.015516992,0.28670147,0.0782239,0.051575582,0.09693137,0.00034034773,0.012180193,0.018867644,0.005091794,0.0067338073,0.0069720135
3,"['thermodynamics', 'computer graphics', 'web development']",0.04689079,0.13059363,0.1018495,0.08413043,0.077731244,0.023590498,0.036623143,0.06672933,0.02646802,0.064990506,0.027746024,0.15482605,0.005425922,0.0073530865,0.04695774,0.022434598,0.065913804,0.009745624
4,"['computer graphics', 'commerce', 'algebra']",0.006807767,0.43026432,0.049748603,0.07975471,0.05244297,0.031547915,0.015516637,0.0201775,0.16746067,0.03404039,0.029644724,0.017138472,0.0028725457,0.023173407,0.0074244454,0.021433737,0.0029357402,0.007615442
5,"['computer graphics', 'thermodynamics', 'cartography']",0.0045914087,0.13736053,0.10125105,0.033138633,0.057445586,0.035286926,0.042043485,0.030695084,0.099767655,0.023734165,0.06334751,0.12743865,0.0011692675,0.116239764,0.025096215,0.023022817,0.013782707,0.06458855
6,"['thermodynamics', 'electromagnetism', 'meteorology']",0.054589983,0.0032142748,0.025813548,0.040992443,0.07049636,0.035442926,0.060725197,0.011667679,0.01255736,0.04197415,0.18024139,0.2341818,0.005496368,0.0016776088,0.15877542,0.0034263385,0.018696465,0.04003071
7,"['web development', 'machine learning', 'thermodynamics']",0.08359199,0.01418918,0.7634273,0.008392377,0.018144846,0.021268614,0.023712782,0.009002195,0.005228028,0.0031776316,0.0012785592,0.029940395,0.0051322705,0.0008823677,0.005118028,0.0019630962,0.001749007,0.0038012343
8,"['economics', 'calculus', 'thermodynamics']",0.02293789,0.01463521,0.04382579,0.113739,0.17681646,0.04688093,0.21161959,0.0049824384,0.05601941,0.023978211,0.0456749,0.16622034,0.009481337,0.0025160494,0.03677727,0.0030818286,0.004243366,0.016569985
9,"['economics', 'thermodynamics', 'web development']",0.068542525,0.013637883,0.1557692,0.059331287,0.053113163,0.04507698,0.27359784,0.008214031,0.05696613,0.008900207,0.029133158,0.16269732,0.008563948,0.00204117,0.029301735,0.003162656,0.00663048,0.01532024
10,"['computer graphics', 'cartography', 'geology']",0.01525626,0.3665265,0.060506556,0.015164584,0.017512986,0.016192572,0.003749455,0.044196676,0.043627396,0.012642142,0.006396421,0.02274707,0.1004592,0.15415801,0.043914255,0.041675236,0.018399298,0.016875483
11,"['computer graphics', 'thermodynamics', 'machine learning']",0.065510444,0.45965606,0.020187868,0.026578343,0.054644126,0.010841212,0.008496925,0.02891839,0.012737915,0.0099790525,0.008720701,0.17176321,0.04546483,0.014654596,0.03557226,0.005472118,0.013740591,0.0070614037
12,"['machine learning', 'web development', 'computer graphics']",0.56322527,0.10845477,0.21049643,0.029326145,0.017119171,0.013904336,0.0108763985,0.015062013,0.018309914,0.00033489816,0.00034966797,0.002166791,0.0007951666,0.003905751,0.0037071563,0.0011882482,0.00033305274,0.00044483814
13,"['machine learning', 'web development', 'computer graphics']",0.7026294,0.06976067,0.13037583,0.02676051,0.011354152,0.0067003747,0.009953109,0.009483511,0.017457124,0.00087878224,0.00020770484,0.0012285498,0.0018341263,0.0043804394,0.0042736563,0.00156865,0.00043096874,0.00072239793
14,"['machine learning', 'web development', 'computer graphics']",0.64810735,0.038797647,0.2702074,0.007967881,0.004459766,0.002223083,0.0048146667,0.0038998912,0.008763365,0.00043776605,0.00012403606,0.0016266005,0.0012491553,0.002103998,0.0033490267,0.00057308644,0.00029230947,0.0010029608
15,"['machine learning', 'web development', 'computer graphics']",0.72106606,0.030407418,0.16772252,0.0109624965,0.0053731687,0.016357798,0.015233367,0.0058066784,0.019829212,0.0015201402,0.00019404461,0.0020022343,9.159482e-05,0.0005815332,0.00087624765,0.0009044215,0.00058087806,0.0004901411
16,"['machine learning', 'web development', 'computer graphics']",0.54506,0.040329095,0.35716328,0.003893262,0.0051674135,0.0104199825,0.009215987,0.005916068,0.014189689,0.001430561,8.184246e-05,0.0023819604,5.9204584e-05,0.0010056522,0.0016345967,0.0008238118,0.00041167633,0.0008159864
17,"['web development', 'machine learning', 'computer graphics']",0.3392286,0.079129435,0.525123,0.003804702,0.009442807,0.0054770987,0.009125614,0.005195474,0.012146076,0.0012541288,0.00012646879,0.0036064473,0.00014422488,0.001126078,0.003003963,0.0008167561,0.00025638728,0.0009926957
18,"['web development', 'machine learning', 'computer graphics']",0.3387446,0.07905633,0.52573776,0.003799991,0.009440689,0.005471747,0.0091308085,0.005184075,0.012104665,0.0012538381,0.00012665162,0.0036104766,0.00014406415,0.0011247202,0.0030001348,0.0008174347,0.00025635964,0.0009956432
19,"['marketing', 'machine learning', 'economics']",0.15854733,0.10781098,0.06114969,0.03288984,0.11941308,0.013526003,0.14715344,0.17126255,0.10453786,0.002125342,0.002214052,0.017496973,0.0024102349,0.0064438884,0.03507783,0.009019305,0.0012581743,0.0076633785
20,"['web development', 'computer graphics', 'machine learning']",0.022997843,0.024431026,0.89201033,0.0035522988,0.002714012,0.0007021398,0.015575017,0.013813894,0.022839906,4.3938682e-05,1.1771925e-05,0.00014528466,5.5350265e-05,0.00017723,0.00026336772,0.00017505499,7.5992352e-06,0.00048372967
21,"['web development', 'computer graphics', 'machine learning']",0.02300008,0.024422685,0.89198816,0.003550761,0.00271366,0.0007020514,0.015576708,0.013819427,0.022863397,4.3929293e-05,1.1777426e-05,0.00014531652,5.5317654e-05,0.00017727361,0.00026327078,0.00017496284,7.5979456e-06,0.00048357283
22,"['computer graphics', 'calculus', 'electromagnetism']",0.04598951,0.4854286,0.014254496,0.029099422,0.09892695,0.0054541104,0.0059827124,0.010549007,0.0172246,0.052717276,0.08416167,0.0766064,0.0016435381,0.01303936,0.021242782,0.010443283,0.012590279,0.014646041
23,"['computer graphics', 'calculus', 'thermodynamics']",0.05567898,0.35511753,0.018451907,0.034611978,0.15415742,0.0077458723,0.009014551,0.019753724,0.027126504,0.04404284,0.07402411,0.11817811,0.0024841204,0.013694127,0.020679073,0.0120379105,0.018854242,0.014347081
24,"['computer graphics', 'calculus', 'electromagnetism']",0.041856878,0.3258892,0.01760452,0.037095234,0.13971773,0.006597944,0.009080994,0.016411597,0.026272869,0.063963525,0.099938825,0.099173576,0.0034385487,0.021487221,0.025651583,0.01241921,0.030023564,0.023377024
25,"['computer graphics', 'machine learning', 'thermodynamics']",0.12864551,0.50048107,0.053299487,0.012826251,0.032256633,0.0077161626,0.009073308,0.0017652224,0.005581188,0.01839611,0.006621911,0.095375575,0.0042901393,0.0068743336,0.02229788,0.009669969,0.081195004,0.00363434
26,"['biochemistry', 'thermodynamics', 'kinematics']",0.032593243,0.0035435194,0.008530819,0.019208184,0.027894061,0.012861032,0.010422832,0.00077254925,0.0024847083,0.032623038,0.0017765843,0.058675952,0.008460912,0.00042587388,0.030102972,0.009197801,0.7383097,0.0021160895
27,"['computer graphics', 'thermodynamics', 'machine learning']",0.10609644,0.40861967,0.038134918,0.0159892,0.03284358,0.0058457926,0.008944886,0.0017339226,0.004072009,0.034739394,0.015035626,0.16848394,0.0082931565,0.012863277,0.044120234,0.005799703,0.08315717,0.0052271574
28,"['meteorology', 'biochemistry', 'thermodynamics']",0.067650326,0.068664834,0.03642778,0.0061142365,0.046506256,0.02591007,0.062572174,0.002722429,0.0021826737,0.017409801,0.0034091207,0.09281567,0.032183174,0.0045531536,0.3189299,0.035859194,0.16199401,0.014095176
29,"['biochemistry', 'computer graphics', 'machine learning']",0.1500999,0.16730264,0.036282495,0.023506885,0.04448172,0.0048563913,0.016926693,0.00088301714,0.0045384206,0.027028304,0.006625289,0.14467546,0.0110063655,0.0027260962,0.04517704,0.0047764787,0.30459782,0.0045087575
30,"['calculus', 'algebra', 'statistics']",0.09082045,0.07903133,0.08760945,0.1331103,0.15981677,0.13069491,0.122727565,0.0077158287,0.009634866,0.008534049,0.00028695323,0.026993012,0.011405083,0.0037606813,0.030791845,0.028059244,0.059265055,0.009742492
31,"['biochemistry', 'computer graphics', 'thermodynamics']",0.08442044,0.094908126,0.08327427,0.014623727,0.033391524,0.0049367244,0.011882884,0.0009840041,0.004451554,0.030206691,0.0076036532,0.09333964,0.00784264,0.0019282224,0.03642677,0.0034723599,0.48274964,0.0035570308
32,"['biochemistry', 'thermodynamics', 'machine learning']",0.06663231,0.051085543,0.009565298,0.038384542,0.06316928,0.009503813,0.036329836,0.0011099089,0.0057857675,0.027113067,0.007862994,0.1366961,0.005724756,0.0016121934,0.058590982,0.030709596,0.44695178,0.003172226
33,"['statistics', 'calculus', 'machine learning']",0.08229244,0.020265533,0.027184257,0.057235014,0.11187321,0.5044457,0.056781266,0.035847645,0.06304335,0.0018453271,0.00088956003,0.012285761,0.00205064,0.004249694,0.0024565614,0.0060784365,0.0045859437,0.00658973
34,"['statistics', 'calculus', 'machine learning']",0.08229244,0.020265533,0.027184257,0.057235014,0.11187321,0.5044457,0.056781266,0.035847645,0.06304335,0.0018453271,0.00088956003,0.012285761,0.00205064,0.004249694,0.0024565614,0.0060784365,0.0045859437,0.00658973
35,"['statistics', 'calculus', 'machine learning']",0.08229244,0.020265533,0.027184257,0.057235014,0.11187321,0.5044457,0.056781266,0.035847645,0.06304335,0.0018453271,0.00088956003,0.012285761,0.00205064,0.004249694,0.0024565614,0.0060784365,0.0045859437,0.00658973
36,"['statistics', 'calculus', 'machine learning']",0.08229244,0.020265533,0.027184257,0.057235014,0.11187321,0.5044457,0.056781266,0.035847645,0.06304335,0.0018453271,0.00088956003,0.012285761,0.00205064,0.004249694,0.0024565614,0.0060784365,0.0045859437,0.00658973
37,"['statistics', 'calculus', 'machine learning']",0.08229244,0.020265533,0.027184257,0.057235014,0.11187321,0.5044457,0.056781266,0.035847645,0.06304335,0.0018453271,0.00088956003,0.012285761,0.00205064,0.004249694,0.0024565614,0.0060784365,0.0045859437,0.00658973
38,"['statistics', 'calculus', 'machine learning']",0.08229244,0.020265533,0.027184257,0.057235014,0.11187321,0.5044457,0.056781266,0.035847645,0.06304335,0.0018453271,0.00088956003,0.012285761,0.00205064,0.004249694,0.0024565614,0.0060784365,0.0045859437,0.00658973
39,"['algebra', 'computer graphics', 'web development']",0.045787055,0.10751429,0.093127,0.15474235,0.091106035,0.07423698,0.05988399,0.026424661,0.058566332,0.08496407,0.08701444,0.05451875,0.001455852,0.0068375804,0.013678428,0.0041011143,0.012997319,0.023043737
40,"['web development', 'commerce', 'computer graphics']",0.01909718,0.111549824,0.32477608,0.0044212695,0.019633088,0.01893256,0.016071932,0.02135025,0.2027816,0.03221551,0.032311074,0.049586214,0.001635338,0.060269665,0.05167916,0.007235019,0.003103196,0.023351096
41,"['machine learning', 'meteorology', 'web development']",0.18745434,0.042346243,0.14495575,0.008034796,0.02767611,0.010324088,0.018166125,0.021577252,0.07588893,0.023132548,0.045127664,0.13123316,0.0045898138,0.04130088,0.1755126,0.006777796,0.0055987495,0.030303176
42,"['machine learning', 'meteorology', 'web development']",0.19103709,0.041993704,0.14575003,0.007889857,0.02704025,0.010242006,0.017855136,0.021411376,0.07490129,0.023282293,0.044730213,0.13174376,0.004619587,0.041439757,0.17359424,0.0068387114,0.0056164074,0.030014293
43,"['web development', 'computer graphics', 'meteorology']",0.003509439,0.068227924,0.8998913,0.0005529055,0.0002454753,0.001959783,0.0021347012,0.0011463867,0.0011506607,0.00013667738,0.0014289346,0.00072288053,0.000187454,0.0027386488,0.0121596195,0.00016026788,0.00029402642,0.0033528781
44,"['web development', 'computer graphics', 'meteorology']",0.0034959225,0.06806023,0.9000609,0.000551757,0.00024456857,0.001954172,0.0021380784,0.0011438113,0.0011534948,0.0001362793,0.001427964,0.0007212152,0.00018742855,0.0027361938,0.012186455,0.00015987306,0.00029311923,0.0033486905
45,"['web development', 'computer graphics', 'meteorology']",0.0034959225,0.06806023,0.9000609,0.000551757,0.00024456857,0.001954172,0.0021380784,0.0011438113,0.0011534948,0.0001362793,0.001427964,0.0007212152,0.00018742855,0.0027361938,0.012186455,0.00015987306,0.00029311923,0.0033486905
46,"['web development', 'computer graphics', 'meteorology']",0.0034959225,0.06806023,0.9000609,0.000551757,0.00024456857,0.001954172,0.0021380784,0.0011438113,0.0011534948,0.0001362793,0.001427964,0.0007212152,0.00018742855,0.0027361938,0.012186455,0.00015987306,0.00029311923,0.0033486905
47,"['web development', 'computer graphics', 'meteorology']",0.0034991032,0.064189464,0.9039833,0.00050679495,0.00022688757,0.001900732,0.0019323332,0.001105195,0.001044589,0.00013854342,0.0014576977,0.00069517235,0.00019025011,0.002515277,0.012772022,0.00015358804,0.00029457523,0.0033943271
48,"['web development', 'machine learning', 'computer graphics']",0.16222596,0.13252169,0.5220861,0.021502836,0.0030966313,0.0013480168,0.011017864,0.10379233,0.03668823,0.00025944368,5.0625382e-05,0.003597812,5.4652086e-05,0.00031029087,0.00014933164,0.00048475273,0.00029594213,0.0005175444
49,"['web development', 'marketing', 'machine learning']",0.19295235,0.1002753,0.44083408,0.0147353895,0.0012449828,0.0014298538,0.008854933,0.21220307,0.02325097,0.00020910738,1.9870193e-05,0.00275641,2.2949653e-05,0.00021854993,9.59602e-05,0.00031789124,0.00017949332,0.00039891357
50,"['web development', 'machine learning', 'marketing']",0.1552912,0.05684074,0.6507163,0.018344663,0.0027227928,0.0020909132,0.010886072,0.07673526,0.021220842,0.00016329357,1.08108525e-05,0.0032105723,6.0349583e-05,0.00012435687,0.000103953025,0.0005202829,0.0003331411,0.0006244181
51,"['commerce', 'computer graphics', 'statistics']",0.080245055,0.124592386,0.02587689,0.03363916,0.04137048,0.08492655,0.031153297,0.040909953,0.2551647,0.017015401,0.077016085,0.052730087,0.0004962067,0.00943093,0.027624993,0.03732546,0.009132041,0.051350273
52,"['commerce', 'marketing', 'machine learning']",0.096163,0.024257347,0.053838942,0.01755884,0.03175192,0.005381017,0.048580647,0.16211458,0.45747215,0.003197812,0.0025500187,0.015470283,0.000965667,0.0034003346,0.007664644,0.010173253,0.002656556,0.05680292
53,"['computer graphics', 'commerce', 'machine learning']",0.095159575,0.24894331,0.03525007,0.034420107,0.032575686,0.07027195,0.023410013,0.031081272,0.2308074,0.01431383,0.036110237,0.025032017,0.00060421095,0.015928688,0.031705905,0.010128598,0.0045432784,0.059713926
54,"['commerce', 'computer graphics', 'machine learning']",0.17328164,0.24499397,0.025061721,0.041450117,0.037105005,0.018027676,0.02612895,0.032167982,0.26413527,0.009766991,0.049476434,0.0140668545,0.00047015696,0.008409562,0.010718065,0.01341424,0.0030493278,0.028276067
55,"['computer graphics', 'commerce', 'machine learning']",0.16330689,0.23007308,0.028029732,0.015460635,0.017375035,0.05283547,0.018081104,0.053094793,0.19321471,0.007599456,0.06381482,0.014407351,0.0005418089,0.025846295,0.050195463,0.013002136,0.005823339,0.047297854
56,"['algebra', 'machine learning', 'economics']",0.15988123,0.004384492,0.009362267,0.23201299,0.1001334,0.060041636,0.15399753,0.019914579,0.0828814,0.0014608349,0.0008305396,0.09213573,0.0039147544,0.0030920093,0.017882938,0.047703024,0.0044995164,0.0058711064
57,"['algebra', 'machine learning', 'economics']",0.1590652,0.0043748296,0.009315887,0.2318618,0.09993463,0.0603046,0.1540734,0.019930433,0.08317108,0.0014593595,0.00082875503,0.09243659,0.003946446,0.0030933677,0.018010799,0.047808982,0.0045046704,0.0058791107
58,"['algebra', 'machine learning', 'economics']",0.15852611,0.004362772,0.0093169715,0.23180124,0.099995464,0.06055299,0.15388809,0.019928686,0.083330505,0.0014594321,0.0008311185,0.09264364,0.0039627766,0.0030952978,0.018046424,0.047852594,0.004515002,0.005890908
59,"['algebra', 'machine learning', 'economics']",0.15852611,0.004362772,0.0093169715,0.23180124,0.099995464,0.06055299,0.15388809,0.019928686,0.083330505,0.0014594321,0.0008311185,0.09264364,0.0039627766,0.0030952978,0.018046424,0.047852594,0.004515002,0.005890908
60,"['algebra', 'machine learning', 'economics']",0.15852611,0.004362772,0.0093169715,0.23180124,0.099995464,0.06055299,0.15388809,0.019928686,0.083330505,0.0014594321,0.0008311185,0.09264364,0.0039627766,0.0030952978,0.018046424,0.047852594,0.004515002,0.005890908
61,"['thermodynamics', 'marketing', 'calculus']",0.02422328,0.065856375,0.04779183,0.044985935,0.07262339,0.0315281,0.02445451,0.22968473,0.012239195,0.02858444,0.007001405,0.2641155,0.011847802,0.0014127609,0.052919608,0.003406282,0.06164831,0.015676579
62,"['thermodynamics', 'marketing', 'calculus']",0.022338625,0.068976395,0.03951639,0.05528061,0.09031996,0.029714627,0.027816247,0.20981723,0.015130818,0.02861822,0.0071666217,0.267537,0.010596996,0.001234564,0.04941589,0.0033463372,0.05859346,0.014579975
63,"['thermodynamics', 'marketing', 'calculus']",0.025577895,0.051587723,0.03584716,0.05774929,0.081101164,0.03557634,0.024399709,0.22384039,0.013085656,0.027869808,0.006236174,0.2792058,0.014388513,0.0012164965,0.046592828,0.0042316634,0.054121044,0.017372254
64,"['thermodynamics', 'marketing', 'calculus']",0.024563372,0.05339092,0.034495186,0.07225362,0.098289944,0.033762947,0.02725049,0.22109798,0.012360925,0.027394583,0.0057498994,0.25845718,0.014518023,0.0011109671,0.046825793,0.0043258136,0.048515543,0.015636884
65,"['calculus', 'commerce', 'ecology']",0.07242554,0.013464701,0.10961397,0.03103964,0.31069332,0.02672826,0.03331732,0.029246382,0.13561283,0.006638612,0.0037055165,0.006805823,0.019132199,0.0011003469,0.027867945,0.0022301723,0.051740456,0.11863699
66,"['calculus', 'commerce', 'ecology']",0.07253623,0.013467133,0.109672256,0.031061774,0.31078264,0.026702818,0.033308785,0.029220995,0.13551553,0.0066394443,0.003707897,0.006815744,0.019131605,0.0010996035,0.027888877,0.0022264307,0.05179108,0.11843118
67,"['calculus', 'commerce', 'ecology']",0.07253623,0.013467133,0.109672256,0.031061774,0.31078264,0.026702818,0.033308785,0.029220995,0.13551553,0.0066394443,0.003707897,0.006815744,0.019131605,0.0010996035,0.027888877,0.0022264307,0.05179108,0.11843118
68,"['web development', 'machine learning', 'kinematics']",0.12709178,0.036762092,0.742077,0.00736661,0.0052319844,0.0022789156,0.0014728049,0.0011839829,0.0064325184,0.045898348,0.0033168844,0.0033658613,0.0007415594,0.00459451,0.0011932348,0.0032707406,0.003974382,0.0037468553
69,"['web development', 'machine learning', 'computer graphics']",0.05761678,0.026951544,0.87616676,0.0037317784,0.0022239988,0.0019006837,0.00082688447,0.0016391764,0.007640291,0.00937686,0.0010735187,0.0018870548,0.000395807,0.0023977268,0.0004533659,0.0017351237,0.0019375836,0.0020450836
70,"['web development', 'machine learning', 'computer graphics']",0.076135114,0.02940341,0.8368799,0.005605289,0.0049712798,0.0022357025,0.0011196708,0.001880192,0.0094162505,0.016883124,0.0020206636,0.0021198113,0.00045295258,0.0031121047,0.0009457464,0.002205706,0.0023439527,0.0022690434
71,"['web development', 'machine learning', 'computer graphics']",0.13106848,0.018524302,0.8056177,0.0050662817,0.0036706203,0.0027180351,0.0012980946,0.0052244216,0.009412689,0.008080515,0.0012590063,0.00093731977,0.00036056965,0.0018532599,0.00067202863,0.0019138071,0.0012020215,0.0011208731
72,"['web development', 'machine learning', 'computer graphics']",0.1695276,0.050245687,0.6717351,0.038258966,0.015218366,0.0026551085,0.009400313,0.00059725327,0.029068215,0.0046071177,0.00090761925,0.0028113262,8.541102e-05,0.0019218626,0.00047693806,0.000845949,0.000899135,0.0007379709
73,"['web development', 'commerce', 'computer graphics']",0.023563623,0.21731327,0.43181485,0.009124597,0.00872324,0.002115785,0.0049993894,0.000520762,0.2888498,0.0024784484,0.00040375223,0.00060892187,6.3133084e-05,0.007688782,0.00010929536,0.0006897161,0.00040961165,0.0005227663
74,"['web development', 'machine learning', 'algebra']",0.25164118,0.11253853,0.29742676,0.17406256,0.048285764,0.027952423,0.035099205,0.0014872791,0.027420193,0.0039210827,0.00034672322,0.003299868,0.0002082498,0.0007991074,0.00028121326,0.014673026,0.00024955493,0.00030733857
75,"['machine learning', 'web development', 'computer graphics']",0.5762249,0.061676662,0.25266337,0.05353668,0.012992353,0.009962836,0.010945,0.0017433064,0.008915516,0.0019760279,0.00020722137,0.0043732114,8.336456e-05,0.0009179573,0.00022422348,0.0030634694,0.00014168162,0.00035217623
76,"['web development', 'machine learning', 'computer graphics']",0.15414388,0.043472473,0.7270809,0.016503878,0.011114935,0.0028933221,0.004386266,0.0005423952,0.013444199,0.011950336,0.002146893,0.0043092454,0.0001333885,0.0031307794,0.0005947283,0.0013750943,0.0016109815,0.001166213
77,"['web development', 'machine learning', 'computer graphics']",0.19161928,0.05890624,0.7227775,0.001030304,0.0009661197,0.000486593,0.0013435186,0.0025723565,0.012514357,0.0011044719,0.00034657237,0.003392261,6.113505e-05,0.001535093,0.000268876,0.00022601716,0.00037184483,0.00047744726
78,"['web development', 'machine learning', 'computer graphics']",0.18140979,0.05361277,0.7402751,0.00091554015,0.0009078108,0.00045885556,0.0012106101,0.0025106946,0.010998375,0.0011203256,0.00038017757,0.0032651396,6.602774e-05,0.0015748489,0.00025939263,0.00020586289,0.00037666902,0.00045209852
79,"['web development', 'machine learning', 'computer graphics']",0.13230097,0.022879044,0.7999219,0.008599219,0.004212587,0.0019677717,0.0019656562,0.0006135065,0.011627866,0.005910794,0.0014149478,0.0028380754,0.00011408717,0.0023022043,0.0004463546,0.00067471043,0.001355424,0.0008550216
80,"['web development', 'machine learning', 'commerce']",0.19705915,0.034349326,0.68976545,0.008228428,0.004302571,0.0024888502,0.008645204,0.004290819,0.039221205,0.0018335711,0.000110535046,0.00062635087,0.00044868074,0.0038485401,0.0018485653,0.00042614387,0.0009085912,0.0015979885
81,"['web development', 'machine learning', 'commerce']",0.20250337,0.028591601,0.7019816,0.0057671494,0.0031403091,0.0024422815,0.0063683544,0.004077014,0.033333756,0.001936346,0.000113222304,0.0006192275,0.00043642035,0.003942859,0.0017636617,0.00039137408,0.0009066664,0.0016846352
82,"['web development', 'machine learning', 'commerce']",0.20250337,0.028591601,0.7019816,0.0057671494,0.0031403091,0.0024422815,0.0063683544,0.004077014,0.033333756,0.001936346,0.000113222304,0.0006192275,0.00043642035,0.003942859,0.0017636617,0.00039137408,0.0009066664,0.0016846352
83,"['web development', 'machine learning', 'computer graphics']",0.13095742,0.020933991,0.80795914,0.0064233495,0.0033470534,0.0018592774,0.0014078987,0.0005722388,0.009661256,0.006693982,0.0014435337,0.002749894,0.00011953918,0.0024128715,0.00043739544,0.00065978325,0.0014580446,0.0009034748
84,"['web development', 'machine learning', 'computer graphics']",0.20684779,0.009398953,0.74982816,0.0066369856,0.0026752343,0.0054836366,0.0031866902,0.0011005139,0.0020553127,0.0008252834,9.08967e-05,0.0028945995,0.00087391207,0.000639996,0.0027269218,0.0023013232,0.0015766567,0.00085708755
85,"['web development', 'machine learning', 'computer graphics']",0.20764698,0.00944818,0.74850756,0.0067582754,0.0027073156,0.0054875896,0.0031647985,0.0011106669,0.0020788533,0.0008492438,0.000100689074,0.0029274067,0.0008943357,0.0006831093,0.0029418366,0.0022528884,0.0015890311,0.0008511832
86,"['web development', 'machine learning', 'computer graphics']",0.20733325,0.009455359,0.74876773,0.0068303174,0.0027229097,0.0054746596,0.0031888732,0.0011133844,0.002083594,0.00084360974,0.00010061405,0.0029125486,0.00089283276,0.000678971,0.002918883,0.0022429978,0.0015889409,0.00085063506
87,"['web development', 'machine learning', 'computer graphics']",0.20733325,0.009455359,0.74876773,0.0068303174,0.0027229097,0.0054746596,0.0031888732,0.0011133844,0.002083594,0.00084360974,0.00010061405,0.0029125486,0.00089283276,0.000678971,0.002918883,0.0022429978,0.0015889409,0.00085063506
88,"['web development', 'machine learning', 'computer graphics']",0.20733325,0.009455359,0.74876773,0.0068303174,0.0027229097,0.0054746596,0.0031888732,0.0011133844,0.002083594,0.00084360974,0.00010061405,0.0029125486,0.00089283276,0.000678971,0.002918883,0.0022429978,0.0015889409,0.00085063506
89,"['web development', 'machine learning', 'computer graphics']",0.18252537,0.013560584,0.7600801,0.007835834,0.003455359,0.0049340115,0.0018852258,0.0044391644,0.006891885,0.0048752916,0.0004955588,0.0011714187,0.00039426432,0.001015588,0.0005670556,0.0019862335,0.0024831544,0.0014039233
90,"['web development', 'machine learning', 'computer graphics']",0.17931786,0.013625213,0.7633662,0.007756042,0.0034138968,0.0048685065,0.0018893537,0.004506146,0.006960644,0.004824358,0.00049795676,0.001158281,0.00039294967,0.001022117,0.00056921836,0.0019713286,0.0024754691,0.0013844761
91,"['web development', 'machine learning', 'computer graphics']",0.15430237,0.012866669,0.7894975,0.0067802584,0.002651837,0.005448964,0.0019622985,0.0047630253,0.0064839004,0.00394229,0.000436772,0.00094513764,0.0006345826,0.0011821243,0.0005693029,0.0021693588,0.0032959678,0.0020676649
92,"['web development', 'machine learning', 'computer graphics']",0.1555411,0.012884723,0.7879933,0.0068299463,0.0026652396,0.0054445914,0.0019871425,0.0048335227,0.0065548914,0.003942509,0.0004439652,0.00094194175,0.00063350407,0.0011919598,0.00057633914,0.0021718394,0.0032989248,0.0020644695
93,"['web development', 'machine learning', 'computer graphics']",0.15591754,0.013060182,0.7872562,0.0069118445,0.0026669244,0.0054361275,0.0020127662,0.0048495014,0.006573551,0.0039761546,0.0004496986,0.0009465276,0.00064217614,0.0012013046,0.000587737,0.0021706936,0.0032805547,0.0020605251
94,"['machine learning', 'web development', 'kinematics']",0.5768235,0.006858439,0.35689148,0.011302565,0.0026232165,0.005387472,0.0027702197,0.0033653935,0.007457101,0.018486943,0.00019984595,0.0026720278,0.00028145674,0.0011364687,0.00050983316,0.00077060884,0.0016777188,0.0007856938
95,"['machine learning', 'web development', 'computer graphics']",0.5984572,0.018141985,0.34240362,0.0021116952,0.0010281203,0.0028311391,0.0011565355,0.002002832,0.006279624,0.016278664,0.00032859755,0.0017736799,0.00039971157,0.0023460272,0.0005823728,0.0007615302,0.0022453126,0.0008712206
96,"['web development', 'machine learning', 'computer graphics']",0.10810043,0.085178,0.7856269,0.00077192474,0.00059948093,0.0006669732,0.00017688272,0.004155195,0.002212801,0.0007215621,0.00016971334,0.0005934423,0.00023616357,0.0076038097,0.0006265992,0.0009632226,0.00029473047,0.0013022486
97,"['computer graphics', 'web development', 'machine learning']",0.024530461,0.5990177,0.36301643,0.00039364508,0.00042711193,0.0004134014,7.8956844e-05,0.001138939,0.0011647168,0.0016936157,0.00014756399,0.00020582798,0.00012315236,0.005455392,0.00043245577,0.0004101248,0.0001485606,0.0012020099
98,"['web development', 'computer graphics', 'machine learning']",0.021396391,0.46412826,0.48665,0.0004141261,0.00039286297,0.000255479,0.00054052414,0.0063805464,0.0053076884,0.0002604657,0.0001946468,0.0004253967,0.00015261778,0.010757366,0.00061431224,0.00078801514,9.399909e-05,0.0012472473
99,"['computer graphics', 'web development', 'machine learning']",0.025559852,0.47617233,0.4730736,0.0004270883,0.00039586247,0.0002791218,0.00061694806,0.0058888826,0.004968461,0.00025859292,0.00020128829,0.00048419545,0.00014907435,0.008551327,0.0006215378,0.0007693831,0.00010864428,0.0014737813
100,"['computer graphics', 'web development', 'machine learning']",0.025559852,0.47617233,0.4730736,0.0004270883,0.00039586247,0.0002791218,0.00061694806,0.0058888826,0.004968461,0.00025859292,0.00020128829,0.00048419545,0.00014907435,0.008551327,0.0006215378,0.0007693831,0.00010864428,0.0014737813
101,"['computer graphics', 'web development', 'machine learning']",0.025559852,0.47617233,0.4730736,0.0004270883,0.00039586247,0.0002791218,0.00061694806,0.0058888826,0.004968461,0.00025859292,0.00020128829,0.00048419545,0.00014907435,0.008551327,0.0006215378,0.0007693831,0.00010864428,0.0014737813
102,"['web development', 'machine learning', 'computer graphics']",0.26218024,0.14302069,0.4962304,0.02247714,0.006940565,0.008784664,0.0067867734,0.006964873,0.01722232,0.009524502,0.00066080556,0.0031871095,0.0012036075,0.0026008359,0.003904131,0.00207299,0.0046300935,0.0016083485
103,"['computer graphics', 'web development', 'machine learning']",0.03167059,0.6109107,0.24005426,0.012304082,0.0077074706,0.013551151,0.02343824,0.009587548,0.01991744,0.0026642252,3.8939685e-05,0.0011722439,0.015055478,0.0010332573,0.0006270908,0.0075342706,0.0011126284,0.0016204155
104,"['computer graphics', 'web development', 'machine learning']",0.03190987,0.61142975,0.23836668,0.012394702,0.00776911,0.013722355,0.02363605,0.00962425,0.02004164,0.0026994492,3.979453e-05,0.0011803461,0.015114382,0.0010427689,0.00063285505,0.007648749,0.0011281065,0.0016190324
105,"['computer graphics', 'web development', 'machine learning']",0.0321198,0.6076906,0.24191725,0.012408159,0.0077797403,0.0136610335,0.023718601,0.009583528,0.020060455,0.002700391,3.9851948e-05,0.0011853974,0.015108903,0.00105035,0.000637112,0.007599639,0.0011206795,0.0016186615
106,"['computer graphics', 'web development', 'machine learning']",0.0321198,0.6076906,0.24191725,0.012408159,0.0077797403,0.0136610335,0.023718601,0.009583528,0.020060455,0.002700391,3.9851948e-05,0.0011853974,0.015108903,0.00105035,0.000637112,0.007599639,0.0011206795,0.0016186615
107,"['computer graphics', 'web development', 'machine learning']",0.0321198,0.6076906,0.24191725,0.012408159,0.0077797403,0.0136610335,0.023718601,0.009583528,0.020060455,0.002700391,3.9851948e-05,0.0011853974,0.015108903,0.00105035,0.000637112,0.007599639,0.0011206795,0.0016186615
108,"['statistics', 'economics', 'commerce']",0.0053905784,0.027581697,0.0007536689,0.063799836,0.01683927,0.5246373,0.21596919,0.0023708334,0.0653563,0.0017275261,0.0044558137,0.011289579,0.009157047,0.0052672126,0.03154841,0.010234361,0.0010261681,0.0025951941
109,"['economics', 'statistics', 'commerce']",0.0040134904,0.017757902,0.0011782671,0.07705402,0.032720514,0.2554268,0.3731083,0.0019981123,0.1055786,0.0013220931,0.007928869,0.018068055,0.0066675884,0.003932958,0.07146926,0.0171628,0.0017564802,0.0028559146
110,"['statistics', 'economics', 'algebra']",0.008348125,0.027677998,0.00091089867,0.08890912,0.022144912,0.44304904,0.24553841,0.0029066256,0.078342535,0.0019066735,0.004883482,0.014762865,0.007921458,0.005393277,0.03055336,0.012540294,0.0013569762,0.0028539698
111,"['web development', 'machine learning', 'computer graphics']",0.27521127,0.13070597,0.5102984,0.017489716,0.0055835703,0.0065272073,0.0062145037,0.0058385315,0.0151313245,0.008557429,0.0006033546,0.0024401885,0.0012573382,0.0030834521,0.004502358,0.0016731599,0.0034277884,0.0014544902
112,"['web development', 'machine learning', 'computer graphics']",0.16680674,0.06349979,0.67711216,0.012259899,0.007593898,0.0074026785,0.003918671,0.00058667525,0.0149802,0.018983508,0.0023118905,0.009700322,0.00055552716,0.0045907767,0.000775992,0.0016333457,0.0022528716,0.005034937
113,"['web development', 'machine learning', 'computer graphics']",0.16584432,0.061670575,0.6825676,0.0116355065,0.0073826592,0.00702234,0.0036630975,0.0005936069,0.01434775,0.018827485,0.0022707065,0.009541779,0.0005406966,0.004489568,0.00079418987,0.0015987572,0.0022772385,0.004932143
114,"['web development', 'machine learning', 'computer graphics']",0.14055231,0.03712684,0.76988596,0.012444261,0.0052784556,0.003816147,0.002917187,0.00101766,0.010136254,0.0066714864,0.00030702565,0.0036590563,0.00020444283,0.0012194766,0.0002625263,0.0005391264,0.0009439592,0.003017796
115,"['web development', 'machine learning', 'computer graphics']",0.23585053,0.057561014,0.5395625,0.036641784,0.037447456,0.0160702,0.00541743,0.0013694561,0.008199968,0.030101642,0.001872728,0.016406579,0.00043106233,0.0016660517,0.0009782489,0.0023399703,0.005924471,0.0021589652
116,"['web development', 'machine learning', 'computer graphics']",0.3965734,0.116460234,0.4013162,0.018265858,0.01597802,0.0076426575,0.0021738654,0.001267978,0.0052249082,0.016651155,0.0008789463,0.006569485,0.00036769724,0.0016966807,0.0005336155,0.0025912228,0.004150623,0.0016575351
117,"['web development', 'machine learning', 'calculus']",0.2900489,0.050357684,0.36632136,0.0768732,0.10809866,0.00748553,0.0064173597,0.00059801165,0.0046562115,0.0391736,0.0048419526,0.023608474,0.0012104848,0.0030892831,0.0009788829,0.0070930533,0.004036,0.0051115076
118,"['web development', 'machine learning', 'computer graphics']",0.21952096,0.07454194,0.5116589,0.04906927,0.053451043,0.0046731997,0.0037074892,0.0007566044,0.006314427,0.031132437,0.0038026557,0.01581656,0.0013438422,0.0040991777,0.0010476679,0.007912079,0.0046120826,0.006539768
119,"['web development', 'machine learning', 'computer graphics']",0.31065226,0.11336446,0.5314788,0.005075601,0.0014159939,0.0009349674,0.0012002906,0.017850345,0.0016279784,0.0049819704,0.0004607101,0.0013163344,0.0002724322,0.0062684873,0.00026772555,0.0004669479,0.00018923813,0.002175482
